https://files.minecraftforge.net/maven/net/minecraftforge/forge/1.16.5-36.2.39/forge-1.16.5-36.2.39-installer.jar,forge-installer.jar
https://edge.forgecdn.net/files/4371/666/jei-1.16.5-7.8.0.1009.jar,mods/jei-1.16.5-7.8.0.1009.jar
https://edge.forgecdn.net/files/3776/277/StorageDrawers-1.16.3-8.5.2.jar,mods/StorageDrawers-1.16.3-8.5.2.jar
https://edge.forgecdn.net/files/3549/549/personality-1.16.5-1.0.3.jar,mods/personality-1.16.5-1.0.3.jar
https://edge.forgecdn.net/files/3164/93/itemzoom-1.16.x-2.2.1.jar,mods/itemzoom-1.16.x-2.2.1.jar
https://edge.forgecdn.net/files/3344/719/BetterMineshafts-Forge-1.16.4-2.0.4.jar,mods/BetterMineshafts-Forge-1.16.4-2.0.4.jar
https://edge.forgecdn.net/files/3750/371/endergetic-1.16.5-3.0.2.jar,mods/endergetic-1.16.5-3.0.2.jar
https://edge.forgecdn.net/files/4796/155/opotato-1.16.5-2.1.4.jar,mods/opotato-1.16.5-2.1.4.jar
https://edge.forgecdn.net/files/3222/746/farmersdelightintegration-1.16.5-1.0.3.jar,mods/farmersdelightintegration-1.16.5-1.0.3.jar
https://edge.forgecdn.net/files/3707/460/radon-0.8.0a.jar,mods/radon-0.8.0a.jar
https://edge.forgecdn.net/files/3541/185/jeed-1.16.5-1.6.jar,mods/jeed-1.16.5-1.6.jar
https://edge.forgecdn.net/files/3494/919/YungsApi-1.16.4-Forge-13.jar,mods/YungsApi-1.16.4-Forge-13.jar
https://edge.forgecdn.net/files/3631/982/Mantle-1.16.5-1.6.157.jar,mods/Mantle-1.16.5-1.6.157.jar
https://edge.forgecdn.net/files/3467/280/alexsmobs-1.12.1.jar,mods/alexsmobs-1.12.1.jar
https://edge.forgecdn.net/files/3103/28/swingthroughgrass-1.16.4-1.5.3.jar,mods/swingthroughgrass-1.16.4-1.5.3.jar
https://edge.forgecdn.net/files/4182/600/geckolib-forge-1.16.5-3.0.106.jar,mods/geckolib-forge-1.16.5-3.0.106.jar
https://edge.forgecdn.net/files/3487/397/towers_of_the_wild-1.16.3-2.1.0.1.jar,mods/towers_of_the_wild-1.16.3-2.1.0.1.jar
https://edge.forgecdn.net/files/4521/290/architectury-1.32.68.jar,mods/architectury-1.32.68.jar
https://edge.forgecdn.net/files/3943/142/EquipmentCompare-1.16.5-1.3.2.jar,mods/EquipmentCompare-1.16.5-1.3.2.jar
https://edge.forgecdn.net/files/4788/595/embeddium-0.2.0+mc1.16.5.jar,mods/embeddium-0.2.0+mc1.16.5.jar
https://edge.forgecdn.net/files/3520/927/allurement-1.16.5-1.2.1.jar,mods/allurement-1.16.5-1.2.1.jar
https://edge.forgecdn.net/files/3567/243/neapolitan-1.16.5-2.2.1.jar,mods/neapolitan-1.16.5-2.2.1.jar
https://edge.forgecdn.net/files/4351/252/Bookshelf-Forge-1.16.5-10.4.33.jar,mods/Bookshelf-Forge-1.16.5-10.4.33.jar
https://edge.forgecdn.net/files/3342/861/Bayou-Blues-1.16.5-1.0.5.jar,mods/Bayou-Blues-1.16.5-1.0.5.jar
https://edge.forgecdn.net/files/3424/488/unnamedanimalmod-1.0.0.jar,mods/unnamedanimalmod-1.0.0.jar
https://edge.forgecdn.net/files/3301/978/seals-1.16.3-2.1.2.jar,mods/seals-1.16.3-2.1.2.jar
https://edge.forgecdn.net/files/4507/144/carryon-1.16.5-1.15.6.24.jar,mods/carryon-1.16.5-1.15.6.24.jar
https://edge.forgecdn.net/files/3607/198/abnormals_core-1.16.5-3.3.1.jar,mods/abnormals_core-1.16.5-3.3.1.jar
https://edge.forgecdn.net/files/3765/350/FarmersDelight-1.16.5-0.6.0.jar,mods/FarmersDelight-1.16.5-0.6.0.jar
https://edge.forgecdn.net/files/3809/513/entitycollisionfpsfix-1.16-1.0.1.jar,mods/entitycollisionfpsfix-1.16-1.0.1.jar
https://edge.forgecdn.net/files/3573/425/advancementframes-1.16.5-1.0.5.jar,mods/advancementframes-1.16.5-1.0.5.jar
https://edge.forgecdn.net/files/3342/857/Fruitful-1.16.5-2.1.0.jar,mods/Fruitful-1.16.5-2.1.0.jar
https://edge.forgecdn.net/files/3885/123/deuf-1.16.5-1.1.jar,mods/deuf-1.16.5-1.1.jar
https://edge.forgecdn.net/files/3972/60/pollen-forge-1.5.0+1.16.5.jar,mods/pollen-forge-1.5.0+1.16.5.jar
https://edge.forgecdn.net/files/3411/810/irregularchef-1.16.5-1.0.1.jar,mods/irregularchef-1.16.5-1.0.1.jar
https://edge.forgecdn.net/files/3482/306/ftb-backups-2.1.2.2.jar,mods/ftb-backups-2.1.2.2.jar
https://edge.forgecdn.net/files/3404/330/BetterAdvancements-1.16.5-0.1.1.115.jar,mods/BetterAdvancements-1.16.5-0.1.1.115.jar
https://edge.forgecdn.net/files/3492/379/Chimes-1.0.0-1.16.5.jar,mods/Chimes-1.0.0-1.16.5.jar
https://edge.forgecdn.net/files/3112/74/glazedsymmetry-1.0.jar,mods/glazedsymmetry-1.0.jar
https://edge.forgecdn.net/files/3202/662/MouseTweaks-2.14-mc1.16.2.jar,mods/MouseTweaks-2.14-mc1.16.2.jar
https://edge.forgecdn.net/files/4718/359/rendertypecache-1.16.5-0.0.1.jar,mods/rendertypecache-1.16.5-0.0.1.jar
https://edge.forgecdn.net/files/3507/674/AdvancementPlaques-1.16.5-1.4.1.jar,mods/AdvancementPlaques-1.16.5-1.4.1.jar
https://edge.forgecdn.net/files/3766/33/betterfpsdist-1.2.jar,mods/betterfpsdist-1.2.jar
https://edge.forgecdn.net/files/3307/879/BetterCaves-Forge-1.16.4-1.1.2.jar,mods/BetterCaves-Forge-1.16.4-1.1.2.jar
https://edge.forgecdn.net/files/3560/51/savageandravage-1.16.5-3.2.0.jar,mods/savageandravage-1.16.5-3.2.0.jar
https://edge.forgecdn.net/files/3250/108/Abundance-1.16.5-1.0.5.jar,mods/Abundance-1.16.5-1.0.5.jar
https://edge.forgecdn.net/files/3296/675/blockswap-1.1.1.jar,mods/blockswap-1.1.1.jar
https://edge.forgecdn.net/files/3188/120/shutupexperimentalsettings-1.0.3.jar,mods/shutupexperimentalsettings-1.0.3.jar
https://edge.forgecdn.net/files/3088/871/QuarkOddities-1.16.3.jar,mods/QuarkOddities-1.16.3.jar
https://edge.forgecdn.net/files/3383/394/sapience-1.16.5-1.1.2.jar,mods/sapience-1.16.5-1.1.2.jar
https://edge.forgecdn.net/files/4792/385/modernfix-forge-5.8.1+mc1.16.5.jar,mods/modernfix-forge-5.8.1+mc1.16.5.jar
https://edge.forgecdn.net/files/3414/517/Inspirations-1.16.5-1.2.3.38.jar,mods/Inspirations-1.16.5-1.2.3.38.jar
https://edge.forgecdn.net/files/3854/47/infernal-expansion-1.16.5-2.5.0.jar,mods/infernal-expansion-1.16.5-2.5.0.jar
https://edge.forgecdn.net/files/4478/259/Paraglider-1.16.5-1.3.2.14.jar,mods/Paraglider-1.16.5-1.3.2.14.jar
https://edge.forgecdn.net/files/3553/840/ftb-library-forge-1605.3.4-build.90.jar,mods/ftb-library-forge-1605.3.4-build.90.jar
https://edge.forgecdn.net/files/3543/997/minetogether-1.16.5-5.1.2-forge.jar,mods/minetogether-1.16.5-5.1.2-forge.jar
https://edge.forgecdn.net/files/3214/651/charm-forge-1.16.5-2.3.2.jar,mods/charm-forge-1.16.5-2.3.2.jar
https://edge.forgecdn.net/files/3303/283/YungsExtras-Forge-1.16.4-1.0.jar,mods/YungsExtras-Forge-1.16.4-1.0.jar
https://edge.forgecdn.net/files/4453/876/smoothchunk1.16.5-2.0.jar,mods/smoothchunk1.16.5-2.0.jar
https://edge.forgecdn.net/files/4501/15/Placebo-1.16.5-4.7.1.jar,mods/Placebo-1.16.5-4.7.1.jar
https://edge.forgecdn.net/files/3330/403/DefaultOptions_1.16.5-12.2.1.jar,mods/DefaultOptions_1.16.5-12.2.1.jar
https://edge.forgecdn.net/files/3151/319/StructuredCrafting-1.16.4-0.2.2.jar,mods/StructuredCrafting-1.16.4-0.2.2.jar
https://edge.forgecdn.net/files/3195/284/Better-Badlands-1.16.5-2.0.3.jar,mods/Better-Badlands-1.16.5-2.0.3.jar
https://edge.forgecdn.net/files/3728/557/homing_ender_eye-1.16.5-1.0.1.jar,mods/homing_ender_eye-1.16.5-1.0.1.jar
https://edge.forgecdn.net/files/3318/948/dungeons_plus-1.16.5-1.1.5.jar,mods/dungeons_plus-1.16.5-1.1.5.jar
https://edge.forgecdn.net/files/3191/743/Notes-1.16.5-1.2.3.jar,mods/Notes-1.16.5-1.2.3.jar
https://edge.forgecdn.net/files/3767/277/spark-1.9.1-forge.jar,mods/spark-1.9.1-forge.jar
https://edge.forgecdn.net/files/3910/873/Jade-1.16.4-2.8.3.jar,mods/Jade-1.16.4-2.8.3.jar
https://edge.forgecdn.net/files/4644/400/clientcrafting-1.16.5-1.6.jar,mods/clientcrafting-1.16.5-1.6.jar
https://edge.forgecdn.net/files/3535/218/SimpleDiscordRichPresence-1.4.0-build.3+mc1.16.5.jar,mods/SimpleDiscordRichPresence-1.4.0-build.3+mc1.16.5.jar
https://edge.forgecdn.net/files/3166/929/chocolate-1.3.0-1.16.4.jar,mods/chocolate-1.3.0-1.16.4.jar
https://edge.forgecdn.net/files/3553/332/atmospheric-1.16.5-3.1.1.jar,mods/atmospheric-1.16.5-3.1.1.jar
https://edge.forgecdn.net/files/3474/528/bedspreads-forge-1.16.5-5.1.0.3.jar,mods/bedspreads-forge-1.16.5-5.1.0.3.jar
https://edge.forgecdn.net/files/4653/196/supplementaries-1.16.5-0.18.5.jar,mods/supplementaries-1.16.5-0.18.5.jar
https://edge.forgecdn.net/files/3517/8/selene-1.16.5-1.9.0.jar,mods/selene-1.16.5-1.9.0.jar
https://edge.forgecdn.net/files/3549/57/berry_good-1.16.5-4.1.2.jar,mods/berry_good-1.16.5-4.1.2.jar
https://edge.forgecdn.net/files/3311/520/decorative_blocks_abnormals-1.2.jar,mods/decorative_blocks_abnormals-1.2.jar
https://edge.forgecdn.net/files/3223/291/step-1.16.4-1.1.0.jar,mods/step-1.16.4-1.1.0.jar
https://edge.forgecdn.net/files/3491/52/cookielicious-1.16.5-1.4.3.jar,mods/cookielicious-1.16.5-1.4.3.jar
https://edge.forgecdn.net/files/4074/330/ferritecore-2.1.1-forge.jar,mods/ferritecore-2.1.1-forge.jar
https://edge.forgecdn.net/files/3559/671/peculiars-1.16.5-2.0.1.jar,mods/peculiars-1.16.5-2.0.1.jar
https://edge.forgecdn.net/files/4421/16/Controlling-7.0.0.29.jar,mods/Controlling-7.0.0.29.jar
https://edge.forgecdn.net/files/3499/485/bundlesplus-0.2.1.jar,mods/bundlesplus-0.2.1.jar
https://edge.forgecdn.net/files/3561/148/upgrade_aquatic-1.16.5-3.1.2.jar,mods/upgrade_aquatic-1.16.5-3.1.2.jar
https://edge.forgecdn.net/files/3202/827/fantasy-forge-1.1.1.jar,mods/fantasy-forge-1.1.1.jar
https://edge.forgecdn.net/files/3166/283/decorative_blocks-1.16.4-1.7.2.jar,mods/decorative_blocks-1.16.4-1.7.2.jar
https://edge.forgecdn.net/files/3502/320/DynamicSurroundings-1.16.5-4.0.5.0.jar,mods/DynamicSurroundings-1.16.5-4.0.5.0.jar
https://edge.forgecdn.net/files/4435/453/antiqueatlas-6.2.4-forge-mc1.16.5.jar,mods/antiqueatlas-6.2.4-forge-mc1.16.5.jar
https://edge.forgecdn.net/files/3847/29/Patchouli-1.16.4-53.3.jar,mods/Patchouli-1.16.4-53.3.jar
https://edge.forgecdn.net/files/3561/379/repurposed_structures_forge-3.4.7+1.16.5.jar,mods/repurposed_structures_forge-3.4.7+1.16.5.jar
https://edge.forgecdn.net/files/4594/802/lightspeed-1.16.5-1.0.5.jar,mods/lightspeed-1.16.5-1.0.5.jar
https://edge.forgecdn.net/files/3441/28/citadel-1.8.1-1.16.5.jar,mods/citadel-1.8.1-1.16.5.jar
https://edge.forgecdn.net/files/3539/235/rawironandgoldupdate.jar,mods/rawironandgoldupdate.jar
https://edge.forgecdn.net/files/3397/138/differentiate-1.16.5-0.5.3.jar,mods/differentiate-1.16.5-0.5.3.jar
https://edge.forgecdn.net/files/4750/360/redirector-1.16.5-1.6.0-forge.jar,mods/redirector-1.16.5-1.6.0-forge.jar
https://edge.forgecdn.net/files/3717/737/mannequins-forge-2.1.0+1.16.5.jar,mods/mannequins-forge-2.1.0+1.16.5.jar
https://edge.forgecdn.net/files/3494/974/YungsBridges-Forge-1.16.4-1.0.1.jar,mods/YungsBridges-Forge-1.16.4-1.0.1.jar
https://edge.forgecdn.net/files/3777/234/ContentTweaker-1.16-1.0.0.develop.36.jar,mods/ContentTweaker-1.16-1.0.0.develop.36.jar
https://edge.forgecdn.net/files/4757/9/EnchantmentDescriptions-1.16.5-7.1.23.jar,mods/EnchantmentDescriptions-1.16.5-7.1.23.jar
https://edge.forgecdn.net/files/3243/768/leap-1.16.4-1.1.1.jar,mods/leap-1.16.4-1.1.1.jar
https://edge.forgecdn.net/files/4583/202/chunksending-1.16.5-2.5.jar,mods/chunksending-1.16.5-2.5.jar
https://edge.forgecdn.net/files/3200/324/frozenup-1.0.1.jar,mods/frozenup-1.0.1.jar
https://edge.forgecdn.net/files/3549/585/abnormals_delight-1.16.5-1.2.1.jar,mods/abnormals_delight-1.16.5-1.2.1.jar
https://edge.forgecdn.net/files/3642/325/Quark-r2.4-322.jar,mods/Quark-r2.4-322.jar
https://edge.forgecdn.net/files/3237/331/skinned_lanterns-1.16.5-1.3.1.jar,mods/skinned_lanterns-1.16.5-1.3.1.jar
https://edge.forgecdn.net/files/3353/212/Enhanced-Mushrooms-1.16.5-3.0.9.jar,mods/Enhanced-Mushrooms-1.16.5-3.0.9.jar
https://edge.forgecdn.net/files/3561/534/environmental-1.16.5-1.1.1.jar,mods/environmental-1.16.5-1.1.1.jar
https://edge.forgecdn.net/files/3832/21/secondchanceforge-1.16.5-1.5.0.jar,mods/secondchanceforge-1.16.5-1.5.0.jar
https://edge.forgecdn.net/files/3584/24/JEITweaker-1.16.5-1.1.0.49.jar,mods/JEITweaker-1.16.5-1.1.0.49.jar
https://edge.forgecdn.net/files/3398/198/antiquewaystones-1.3.jar,mods/antiquewaystones-1.3.jar
https://edge.forgecdn.net/files/4628/160/goaloptimizer-1.16.5-1.1.1.jar,mods/goaloptimizer-1.16.5-1.1.1.jar
https://edge.forgecdn.net/files/4796/562/despawn_tweaker-1.16.5-0.0.5.jar,mods/despawn_tweaker-1.16.5-0.0.5.jar
https://edge.forgecdn.net/files/3107/953/the-conjurer-1.16.4-1.0.13.jar,mods/the-conjurer-1.16.4-1.0.13.jar
https://edge.forgecdn.net/files/4780/70/CraftTweaker-1.16.5-7.1.2.525.jar,mods/CraftTweaker-1.16.5-7.1.2.525.jar
https://edge.forgecdn.net/files/3508/770/forgery-1.16-1.4.0_01.jar,mods/forgery-1.16-1.4.0_01.jar
https://edge.forgecdn.net/files/3525/771/windowlogging-mc1.16.5_v0.0.5.jar,mods/windowlogging-mc1.16.5_v0.0.5.jar
https://edge.forgecdn.net/files/3658/709/moyai-1.16.5-1.0.2.jar,mods/moyai-1.16.5-1.0.2.jar
https://edge.forgecdn.net/files/3214/653/charmonium-forge-1.16.5-2.3.2.jar,mods/charmonium-forge-1.16.5-2.3.2.jar
https://edge.forgecdn.net/files/3520/861/farsight-1.4.2-1.16.5.jar,mods/farsight-1.4.2-1.16.5.jar
https://edge.forgecdn.net/files/3199/872/OpenLoader-1.16.5-9.0.3.jar,mods/OpenLoader-1.16.5-9.0.3.jar
https://edge.forgecdn.net/files/4633/366/cloth-config-4.17.101-forge.jar,mods/cloth-config-4.17.101-forge.jar
https://edge.forgecdn.net/files/3561/118/buzzier_bees-1.16.5-3.0.3.jar,mods/buzzier_bees-1.16.5-3.0.3.jar
https://edge.forgecdn.net/files/3151/3/decorative_winter-0.1.2.jar,mods/decorative_winter-0.1.2.jar
https://edge.forgecdn.net/files/3586/560/Mirabilis%201.0.5%201.16.5.jar,mods/Mirabilis_1.0.5_1.16.5.jar
https://edge.forgecdn.net/files/3549/78/bamboo_blocks-1.16.5-3.0.1.jar,mods/bamboo_blocks-1.16.5-3.0.1.jar
https://edge.forgecdn.net/files/3515/707/Waystones_1.16.5-7.6.4.jar,mods/Waystones_1.16.5-7.6.4.jar
https://edge.forgecdn.net/files/3495/858/chalk-1.16.5-1.2.1.jar,mods/chalk-1.16.5-1.2.1.jar
https://edge.forgecdn.net/files/3933/561/Prism-1.16.5-1.0.1.jar,mods/Prism-1.16.5-1.0.1.jar
https://edge.forgecdn.net/files/4747/653/textrue_embeddium_options-0.1.1+mc1.16.5.jar,mods/textrue_embeddium_options-0.1.1+mc1.16.5.jar
https://edge.forgecdn.net/files/3412/586/BetterStrongholds-1.16.4-1.2.1.jar,mods/BetterStrongholds-1.16.4-1.2.1.jar
https://edge.forgecdn.net/files/3619/985/Architects-Palette-1.16.4-1.1.5.jar,mods/Architects-Palette-1.16.4-1.1.5.jar
https://edge.forgecdn.net/files/3943/132/Iceberg-1.16.5-1.0.45.jar,mods/Iceberg-1.16.5-1.0.45.jar
https://edge.forgecdn.net/files/3553/317/autumnity-1.16.5-2.1.2.jar,mods/autumnity-1.16.5-2.1.2.jar
https://edge.forgecdn.net/files/3498/310/structure_gel-1.16.5-1.7.8.jar,mods/structure_gel-1.16.5-1.7.8.jar
https://edge.forgecdn.net/files/3326/41/AutoRegLib-1.6-49.jar,mods/AutoRegLib-1.6-49.jar
https://edge.forgecdn.net/files/3683/120/RoadRunner-mc1.16.5-1.4.1.jar,mods/RoadRunner-mc1.16.5-1.4.1.jar
https://edge.forgecdn.net/files/3510/357/connectivity-2.4-1.16.5.jar,mods/connectivity-2.4-1.16.5.jar
https://edge.forgecdn.net/files/3509/44/screenshot-to-clipboard-1.0.7-forge.jar,mods/screenshot-to-clipboard-1.0.7-forge.jar
https://edge.forgecdn.net/files/3556/882/ToastControl-1.16.5-4.4.0.jar,mods/ToastControl-1.16.5-4.4.0.jar
https://edge.forgecdn.net/files/3350/872/fish_in_planks-1.16.5-0.4.jar,mods/fish_in_planks-1.16.5-0.4.jar
https://edge.forgecdn.net/files/3475/660/PackMenu-1.16.5-2.5.0.jar,mods/PackMenu-1.16.5-2.5.0.jar
https://edge.forgecdn.net/files/3968/241/seasonals-1.16.5-2.0.3.jar,mods/seasonals-1.16.5-2.0.3.jar
https://edge.forgecdn.net/files/3433/589/lepton-1.16.5-1.3.2.jar,mods/lepton-1.16.5-1.3.2.jar
https://edge.forgecdn.net/files/4465/267/memoryleakfix-forge-pre1.17-1.0.0.jar,mods/memoryleakfix-forge-pre1.17-1.0.0.jar
https://edge.forgecdn.net/files/3476/138/BetterDungeons-1.16.4-1.2.1.jar,mods/BetterDungeons-1.16.4-1.2.1.jar
https://edge.forgecdn.net/files/3825/905/Tips-1.16.5-4.0.18.jar,mods/Tips-1.16.5-4.0.18.jar
https://edge.forgecdn.net/files/3900/678/CyclopsCore-1.16.5-1.13.0.jar,mods/CyclopsCore-1.16.5-1.13.0.jar
https://edge.forgecdn.net/files/3541/14/customizableelytra-1.16.4-1.6.1.jar,mods/customizableelytra-1.16.4-1.6.1.jar
https://edge.forgecdn.net/files/3419/826/muchmoremodcompat-1.0.0.jar,mods/muchmoremodcompat-1.0.0.jar
https://edge.forgecdn.net/files/3549/93/extraboats-1.16.5-2.1.1.jar,mods/extraboats-1.16.5-2.1.1.jar
https://edge.forgecdn.net/files/3536/783/shulker_enchantments-2.1.1.jar,mods/shulker_enchantments-2.1.1.jar
