{
  "parent": "minecraft:adventure/sleep_in_bed",
  "display": {
    "icon": {
      "item": "quark:red_crystal_cluster"
    },
    "title": {
      "translate": "advancement.crucial.get_all_crystals"
    },
    "description": {
      "translate": "advancement.crucial.get_all_crystals.desc"
    },
    "frame": "challenge",
    "show_toast": true,
    "announce_to_chat": true,
    "hidden": false
  },
  "criteria": {
    "red_crystal": {
      "trigger": "minecraft:inventory_changed",
      "conditions": {
        "items": [
          {
            "item": "quark:red_crystal"
          }
        ]
      }
    },
    "orange_crystal": {
      "trigger": "minecraft:inventory_changed",
      "conditions": {
        "items": [
          {
            "item": "quark:orange_crystal"
          }
        ]
      }
    },
    "yellow_crystal": {
      "trigger": "minecraft:inventory_changed",
      "conditions": {
        "items": [
          {
            "item": "quark:yellow_crystal"
          }
        ]
      }
    },
    "green_crystal": {
      "trigger": "minecraft:inventory_changed",
      "conditions": {
        "items": [
          {
            "item": "quark:green_crystal"
          }
        ]
      }
    },
    "blue_crystal": {
      "trigger": "minecraft:inventory_changed",
      "conditions": {
        "items": [
          {
            "item": "quark:blue_crystal"
          }
        ]
      }
    },
    "indigo_crystal": {
      "trigger": "minecraft:inventory_changed",
      "conditions": {
        "items": [
          {
            "item": "quark:indigo_crystal"
          }
        ]
      }
    },
    "violet_crystal": {
      "trigger": "minecraft:inventory_changed",
      "conditions": {
        "items": [
          {
            "item": "quark:violet_crystal"
          }
        ]
      }
    },
    "white_crystal": {
      "trigger": "minecraft:inventory_changed",
      "conditions": {
        "items": [
          {
            "item": "quark:white_crystal"
          }
        ]
      }
    },
    "black_crystal": {
      "trigger": "minecraft:inventory_changed",
      "conditions": {
        "items": [
          {
            "item": "quark:black_crystal"
          }
        ]
      }
    },
    "red_crystal_cluster": {
      "trigger": "minecraft:inventory_changed",
      "conditions": {
        "items": [
          {
            "item": "quark:red_crystal_cluster"
          }
        ]
      }
    },
    "orange_crystal_cluster": {
      "trigger": "minecraft:inventory_changed",
      "conditions": {
        "items": [
          {
            "item": "quark:orange_crystal_cluster"
          }
        ]
      }
    },
    "yellow_crystal_cluster": {
      "trigger": "minecraft:inventory_changed",
      "conditions": {
        "items": [
          {
            "item": "quark:yellow_crystal_cluster"
          }
        ]
      }
    },
    "green_crystal_cluster": {
      "trigger": "minecraft:inventory_changed",
      "conditions": {
        "items": [
          {
            "item": "quark:green_crystal_cluster"
          }
        ]
      }
    },
    "blue_crystal_cluster": {
      "trigger": "minecraft:inventory_changed",
      "conditions": {
        "items": [
          {
            "item": "quark:blue_crystal_cluster"
          }
        ]
      }
    },
    "indigo_crystal_cluster": {
      "trigger": "minecraft:inventory_changed",
      "conditions": {
        "items": [
          {
            "item": "quark:indigo_crystal_cluster"
          }
        ]
      }
    },
    "violet_crystal_cluster": {
      "trigger": "minecraft:inventory_changed",
      "conditions": {
        "items": [
          {
            "item": "quark:violet_crystal_cluster"
          }
        ]
      }
    },
    "white_crystal_cluster": {
      "trigger": "minecraft:inventory_changed",
      "conditions": {
        "items": [
          {
            "item": "quark:white_crystal_cluster"
          }
        ]
      }
    },
    "black_crystal_cluster": {
      "trigger": "minecraft:inventory_changed",
      "conditions": {
        "items": [
          {
            "item": "quark:black_crystal_cluster"
          }
        ]
      }
    }
  }
}