{
  "parent": "minecraft:adventure/kill_a_mob",
  "display": {
    "icon": {
      "item": "quark:diamond_heart"
    },
    "title": {
      "translate": "advancement.crucial.get_diamond_heart"
    },
    "description": {
      "translate": "advancement.crucial.get_diamond_heart.desc"
    },
    "frame": "task",
    "show_toast": true,
    "announce_to_chat": true,
    "hidden": false
  },
  "criteria": {
    "diamond_heart": {
      "trigger": "minecraft:inventory_changed",
      "conditions": {
        "items": [
          {
            "item": "quark:diamond_heart"
          }
        ]
      }
    }
  }
}